,PipeLine & Transformation,,,Transformers,,,ML,,
,Linke,Title,Comments,Linke,Title,Comments,Linke,Title,Comments
,https://towardsdatascience.com/pipeline-columntransformer-and-featureunion-explained-f5491f815f,"Pipeline, ColumnTransformer and FeatureUnion explained",,https://pythonsimplified.com/difference-between-onehotencoder-and-get_dummies/#Differences_between_OneHotEncoder_and_get_dummies,Difference between OneHotEncoder and get_dummies,,https://www.analyticsvidhya.com/blog/2015/08/comprehensive-guide-regression/,7 Regression Techniques you should know!,
,https://towardsdatascience.com/customizing-sklearn-pipelines-transformermixin-a54341d8d624,Customizing Sklearn Pipelines: TransformerMixin,,https://machinelearningmastery.com/one-hot-encoding-for-categorical-data/,Ordinal and One-Hot Encodings for Categorical Data,,,,
,https://towardsdatascience.com/from-ml-model-to-ml-pipeline-9f95c32c6512,From ML Model to ML Pipeline,,https://www.analyticsvidhya.com/blog/2020/03/one-hot-encoding-vs-label-encoding-using-scikit-learn/,One-Hot Encoding vs. Label Encoding using Scikit-Learn,,,,
,https://www.projectpro.io/recipes/find-optimal-parameters-using-randomizedsearchcv-for-regression,RandomizedSearchCV to find Optimal Parameters in Python,,,,,,,
,https://towardsdatascience.com/custom-transformers-and-ml-data-pipelines-with-python-20ea2a7adb65,ML Data Pipelines with Custom Transformers in Python,,,,,,,
,https://towardsdatascience.com/creating-custom-transformers-for-sklearn-pipelines-d3d51852ecc1,Creating Custom Transformers for sklearn Pipelines,,,,,,,
,https://www.analyticsvidhya.com/blog/2020/01/build-your-first-machine-learning-pipeline-using-scikit-learn/,Build your first Machine Learning pipeline using scikit-learn,,,,,,,
,https://medium.com/m/global-identity?redirectUrl=https%3A%2F%2Ftowardsdatascience.com%2Ftwo-ways-to-create-custom-transformers-with-scikit-learn-b9089acacd37,Two ways to create custom transformers with Scikit-learn,,,,,,,
,,,,,,,,,
,,,,,,,,,
,,,,,,,,,
,,,,,,,,,
,,,,,,,,,
,,,,,,,,,
,,,,,,,,,
,,,,,,,,,
,,,,,,,,,
,,,,,,,,,
,,,,,,,,,
,,,,,,,,,
,,,,,,,,,